Example,Original_Message,Decoded_Bits,Polar_code
0,"[1, 1, 1, 1, 1, 1, 1, 1]","[1, 1, 1, 1, 1, 1, 1, 1]","[0, 1, 1, 1, 1, 1, 1, 0, 1, 0, 0, 0, 0, 0, 0, 1]"
1,"[1, 1, 1, 1, 1, 1, 1, 0]","[1, 1, 1, 1, 1, 1, 1, 0]","[1, 0, 0, 0, 0, 0, 0, 1, 0, 1, 1, 1, 1, 1, 1, 0]"
2,"[1, 1, 1, 1, 1, 1, 0, 1]","[1, 1, 1, 1, 1, 1, 0, 1]","[1, 1, 0, 1, 0, 1, 0, 0, 0, 0, 1, 0, 1, 0, 1, 1]"
3,"[1, 1, 1, 1, 1, 0, 1, 1]","[1, 1, 1, 1, 1, 0, 1, 1]","[1, 0, 1, 1, 0, 0, 1, 0, 0, 1, 0, 0, 1, 1, 0, 1]"
4,"[1, 1, 1, 1, 1, 0, 1, 0]","[1, 1, 1, 1, 1, 0, 1, 0]","[0, 1, 0, 0, 1, 1, 0, 1, 1, 0, 1, 1, 0, 0, 1, 0]"
5,"[1, 1, 1, 1, 1, 0, 0, 1]","[1, 1, 1, 1, 1, 0, 0, 1]","[0, 0, 0, 1, 1, 0, 0, 0, 1, 1, 1, 0, 0, 1, 1, 1]"
6,"[1, 1, 1, 1, 1, 0, 0, 0]","[1, 1, 1, 1, 1, 0, 0, 0]","[1, 1, 1, 0, 0, 1, 1, 1, 0, 0, 0, 1, 1, 0, 0, 0]"
7,"[1, 1, 1, 1, 0, 1, 1, 1]","[1, 1, 1, 1, 0, 1, 1, 1]","[1, 1, 1, 1, 0, 1, 1, 0, 0, 0, 0, 0, 1, 0, 0, 1]"
8,"[1, 1, 1, 1, 0, 1, 0, 1]","[1, 1, 1, 1, 0, 1, 0, 1]","[0, 1, 0, 1, 1, 1, 0, 0, 1, 0, 1, 0, 0, 0, 1, 1]"
9,"[1, 1, 1, 1, 0, 1, 0, 0]","[1, 1, 1, 1, 0, 1, 0, 0]","[1, 0, 1, 0, 0, 0, 1, 1, 0, 1, 0, 1, 1, 1, 0, 0]"
10,"[1, 1, 1, 1, 0, 0, 1, 1]","[1, 1, 1, 1, 0, 0, 1, 1]","[0, 0, 1, 1, 1, 0, 1, 0, 1, 1, 0, 0, 0, 1, 0, 1]"
11,"[1, 1, 1, 1, 0, 0, 1, 0]","[1, 1, 1, 1, 0, 0, 1, 0]","[1, 1, 0, 0, 0, 1, 0, 1, 0, 0, 1, 1, 1, 0, 1, 0]"
12,"[1, 1, 1, 1, 0, 0, 0, 1]","[1, 1, 1, 1, 0, 0, 0, 1]","[1, 0, 0, 1, 0, 0, 0, 0, 0, 1, 1, 0, 1, 1, 1, 1]"
13,"[1, 1, 1, 1, 0, 0, 0, 0]","[1, 1, 1, 1, 0, 0, 0, 0]","[0, 1, 1, 0, 1, 1, 1, 1, 1, 0, 0, 1, 0, 0, 0, 0]"
14,"[1, 1, 1, 0, 1, 1, 1, 0]","[1, 1, 1, 0, 1, 1, 1, 0]","[0, 1, 1, 1, 0, 0, 0, 1, 1, 0, 0, 0, 1, 1, 1, 0]"
15,"[1, 1, 1, 0, 1, 1, 0, 1]","[1, 1, 1, 0, 1, 1, 0, 1]","[0, 0, 1, 0, 0, 1, 0, 0, 1, 1, 0, 1, 1, 0, 1, 1]"
16,"[1, 1, 1, 0, 1, 1, 0, 0]","[1, 1, 1, 0, 1, 1, 0, 0]","[1, 1, 0, 1, 1, 0, 1, 1, 0, 0, 1, 0, 0, 1, 0, 0]"
17,"[1, 1, 1, 0, 1, 0, 1, 1]","[1, 1, 1, 0, 1, 0, 1, 1]","[0, 1, 0, 0, 0, 0, 1, 0, 1, 0, 1, 1, 1, 1, 0, 1]"
18,"[1, 1, 1, 0, 1, 0, 1, 0]","[1, 1, 1, 0, 1, 0, 1, 0]","[1, 0, 1, 1, 1, 1, 0, 1, 0, 1, 0, 0, 0, 0, 1, 0]"
19,"[1, 1, 1, 0, 1, 0, 0, 0]","[1, 1, 1, 0, 1, 0, 0, 0]","[0, 0, 0, 1, 0, 1, 1, 1, 1, 1, 1, 0, 1, 0, 0, 0]"
20,"[1, 1, 1, 0, 0, 1, 1, 1]","[1, 1, 1, 0, 0, 1, 1, 1]","[0, 0, 0, 0, 0, 1, 1, 0, 1, 1, 1, 1, 1, 0, 0, 1]"
21,"[1, 1, 1, 0, 0, 1, 1, 0]","[1, 1, 1, 0, 0, 1, 1, 0]","[1, 1, 1, 1, 1, 0, 0, 1, 0, 0, 0, 0, 0, 1, 1, 0]"
22,"[1, 1, 1, 0, 0, 1, 0, 1]","[1, 1, 1, 0, 0, 1, 0, 1]","[1, 0, 1, 0, 1, 1, 0, 0, 0, 1, 0, 1, 0, 0, 1, 1]"
23,"[1, 1, 1, 0, 0, 1, 0, 0]","[1, 1, 1, 0, 0, 1, 0, 0]","[0, 1, 0, 1, 0, 0, 1, 1, 1, 0, 1, 0, 1, 1, 0, 0]"
24,"[1, 1, 1, 0, 0, 0, 1, 1]","[1, 1, 1, 0, 0, 0, 1, 1]","[1, 1, 0, 0, 1, 0, 1, 0, 0, 0, 1, 1, 0, 1, 0, 1]"
25,"[1, 1, 1, 0, 0, 0, 1, 0]","[1, 1, 1, 0, 0, 0, 1, 0]","[0, 0, 1, 1, 0, 1, 0, 1, 1, 1, 0, 0, 1, 0, 1, 0]"
26,"[1, 1, 1, 0, 0, 0, 0, 1]","[1, 1, 1, 0, 0, 0, 0, 1]","[0, 1, 1, 0, 0, 0, 0, 0, 1, 0, 0, 1, 1, 1, 1, 1]"
27,"[1, 1, 1, 0, 0, 0, 0, 0]","[1, 1, 1, 0, 0, 0, 0, 0]","[1, 0, 0, 1, 1, 1, 1, 1, 0, 1, 1, 0, 0, 0, 0, 0]"
28,"[1, 1, 0, 1, 1, 1, 1, 1]","[1, 1, 0, 1, 1, 1, 1, 1]","[1, 1, 0, 1, 1, 1, 1, 0, 0, 0, 1, 0, 0, 0, 0, 1]"
29,"[1, 1, 0, 1, 1, 1, 1, 0]","[1, 1, 0, 1, 1, 1, 1, 0]","[0, 0, 1, 0, 0, 0, 0, 1, 1, 1, 0, 1, 1, 1, 1, 0]"
30,"[1, 1, 0, 1, 1, 1, 0, 1]","[1, 1, 0, 1, 1, 1, 0, 1]","[0, 1, 1, 1, 0, 1, 0, 0, 1, 0, 0, 0, 1, 0, 1, 1]"
31,"[1, 1, 0, 1, 1, 1, 0, 0]","[1, 1, 0, 1, 1, 1, 0, 0]","[1, 0, 0, 0, 1, 0, 1, 1, 0, 1, 1, 1, 0, 1, 0, 0]"
32,"[1, 1, 0, 1, 1, 0, 1, 1]","[1, 1, 0, 1, 1, 0, 1, 1]","[0, 0, 0, 1, 0, 0, 1, 0, 1, 1, 1, 0, 1, 1, 0, 1]"
33,"[1, 1, 0, 1, 1, 0, 1, 0]","[1, 1, 0, 1, 1, 0, 1, 0]","[1, 1, 1, 0, 1, 1, 0, 1, 0, 0, 0, 1, 0, 0, 1, 0]"
34,"[1, 1, 0, 1, 1, 0, 0, 0]","[1, 1, 1, 1, 1, 0, 0, 0]","[0, 1, 0, 0, 0, 1, 1, 1, 1, 0, 1, 1, 1, 0, 0, 0]"
35,"[1, 1, 0, 1, 0, 1, 1, 1]","[1, 1, 0, 1, 0, 1, 1, 1]","[0, 1, 0, 1, 0, 1, 1, 0, 1, 0, 1, 0, 1, 0, 0, 1]"
36,"[1, 1, 0, 1, 0, 1, 0, 0]","[1, 1, 0, 1, 0, 1, 0, 0]","[0, 0, 0, 0, 0, 0, 1, 1, 1, 1, 1, 1, 1, 1, 0, 0]"
37,"[1, 1, 0, 1, 0, 0, 1, 1]","[1, 1, 0, 1, 0, 0, 1, 1]","[1, 0, 0, 1, 1, 0, 1, 0, 0, 1, 1, 0, 0, 1, 0, 1]"
38,"[1, 1, 0, 1, 0, 0, 1, 0]","[1, 1, 0, 1, 0, 0, 1, 0]","[0, 1, 1, 0, 0, 1, 0, 1, 1, 0, 0, 1, 1, 0, 1, 0]"
39,"[1, 1, 0, 1, 0, 0, 0, 1]","[1, 1, 0, 1, 0, 0, 0, 1]","[0, 0, 1, 1, 0, 0, 0, 0, 1, 1, 0, 0, 1, 1, 1, 1]"
40,"[1, 1, 0, 0, 1, 1, 1, 1]","[1, 1, 0, 0, 1, 1, 1, 1]","[0, 0, 1, 0, 1, 1, 1, 0, 1, 1, 0, 1, 0, 0, 0, 1]"
41,"[1, 1, 0, 0, 1, 1, 1, 0]","[1, 1, 0, 0, 1, 1, 1, 0]","[1, 1, 0, 1, 0, 0, 0, 1, 0, 0, 1, 0, 1, 1, 1, 0]"
42,"[1, 1, 0, 0, 1, 1, 0, 1]","[1, 1, 0, 0, 1, 1, 0, 1]","[1, 0, 0, 0, 0, 1, 0, 0, 0, 1, 1, 1, 1, 0, 1, 1]"
43,"[1, 1, 0, 0, 1, 1, 0, 0]","[1, 1, 0, 0, 1, 1, 0, 0]","[0, 1, 1, 1, 1, 0, 1, 1, 1, 0, 0, 0, 0, 1, 0, 0]"
44,"[1, 1, 0, 0, 1, 0, 1, 1]","[1, 1, 0, 0, 1, 0, 1, 1]","[1, 1, 1, 0, 0, 0, 1, 0, 0, 0, 0, 1, 1, 1, 0, 1]"
45,"[1, 1, 0, 0, 1, 0, 1, 0]","[1, 1, 0, 0, 1, 0, 1, 0]","[0, 0, 0, 1, 1, 1, 0, 1, 1, 1, 1, 0, 0, 0, 1, 0]"
46,"[1, 1, 0, 0, 1, 0, 0, 1]","[1, 1, 0, 0, 1, 0, 0, 1]","[0, 1, 0, 0, 1, 0, 0, 0, 1, 0, 1, 1, 0, 1, 1, 1]"
47,"[1, 1, 0, 0, 1, 0, 0, 0]","[1, 1, 0, 0, 1, 0, 0, 0]","[1, 0, 1, 1, 0, 1, 1, 1, 0, 1, 0, 0, 1, 0, 0, 0]"
48,"[1, 1, 0, 0, 0, 1, 1, 1]","[1, 1, 0, 0, 0, 1, 1, 1]","[1, 0, 1, 0, 0, 1, 1, 0, 0, 1, 0, 1, 1, 0, 0, 1]"
49,"[1, 1, 0, 0, 0, 1, 1, 0]","[1, 1, 0, 0, 0, 1, 1, 0]","[0, 1, 0, 1, 1, 0, 0, 1, 1, 0, 1, 0, 0, 1, 1, 0]"
50,"[1, 1, 0, 0, 0, 1, 0, 1]","[1, 1, 0, 0, 0, 1, 0, 1]","[0, 0, 0, 0, 1, 1, 0, 0, 1, 1, 1, 1, 0, 0, 1, 1]"
51,"[1, 1, 0, 0, 0, 1, 0, 0]","[1, 1, 0, 0, 0, 1, 0, 0]","[1, 1, 1, 1, 0, 0, 1, 1, 0, 0, 0, 0, 1, 1, 0, 0]"
52,"[1, 1, 0, 0, 0, 0, 1, 1]","[1, 1, 0, 0, 0, 0, 1, 1]","[0, 1, 1, 0, 1, 0, 1, 0, 1, 0, 0, 1, 0, 1, 0, 1]"
53,"[1, 1, 0, 0, 0, 0, 1, 0]","[1, 1, 0, 0, 0, 0, 1, 0]","[1, 0, 0, 1, 0, 1, 0, 1, 0, 1, 1, 0, 1, 0, 1, 0]"
54,"[1, 1, 0, 0, 0, 0, 0, 1]","[1, 1, 0, 0, 0, 0, 0, 1]","[1, 1, 0, 0, 0, 0, 0, 0, 0, 0, 1, 1, 1, 1, 1, 1]"
55,"[1, 1, 0, 0, 0, 0, 0, 0]","[1, 1, 0, 0, 0, 0, 0, 0]","[0, 0, 1, 1, 1, 1, 1, 1, 1, 1, 0, 0, 0, 0, 0, 0]"
56,"[1, 0, 1, 1, 1, 1, 0, 1]","[1, 0, 1, 1, 1, 1, 0, 1]","[0, 0, 0, 1, 0, 1, 0, 0, 1, 1, 1, 0, 1, 0, 1, 1]"
57,"[1, 0, 1, 1, 1, 1, 0, 0]","[1, 0, 1, 1, 1, 1, 0, 0]","[1, 1, 1, 0, 1, 0, 1, 1, 0, 0, 0, 1, 0, 1, 0, 0]"
58,"[1, 0, 1, 1, 1, 0, 1, 1]","[1, 0, 1, 1, 1, 0, 1, 1]","[0, 1, 1, 1, 0, 0, 1, 0, 1, 0, 0, 0, 1, 1, 0, 1]"
59,"[1, 0, 1, 1, 1, 0, 1, 0]","[1, 0, 1, 1, 1, 0, 1, 0]","[1, 0, 0, 0, 1, 1, 0, 1, 0, 1, 1, 1, 0, 0, 1, 0]"
60,"[1, 0, 1, 1, 1, 0, 0, 0]","[1, 1, 1, 1, 1, 0, 0, 0]","[0, 0, 1, 0, 0, 1, 1, 1, 1, 1, 0, 1, 1, 0, 0, 0]"
61,"[1, 0, 1, 1, 0, 1, 1, 1]","[1, 0, 1, 1, 0, 1, 1, 1]","[0, 0, 1, 1, 0, 1, 1, 0, 1, 1, 0, 0, 1, 0, 0, 1]"
62,"[1, 0, 1, 1, 0, 1, 1, 0]","[1, 0, 1, 1, 0, 1, 1, 0]","[1, 1, 0, 0, 1, 0, 0, 1, 0, 0, 1, 1, 0, 1, 1, 0]"
63,"[1, 0, 1, 1, 0, 1, 0, 1]","[1, 0, 1, 1, 0, 1, 0, 1]","[1, 0, 0, 1, 1, 1, 0, 0, 0, 1, 1, 0, 0, 0, 1, 1]"
64,"[1, 0, 1, 1, 0, 1, 0, 0]","[1, 0, 1, 1, 0, 1, 0, 0]","[0, 1, 1, 0, 0, 0, 1, 1, 1, 0, 0, 1, 1, 1, 0, 0]"
65,"[1, 0, 1, 1, 0, 0, 1, 1]","[1, 0, 1, 1, 0, 0, 1, 1]","[1, 1, 1, 1, 1, 0, 1, 0, 0, 0, 0, 0, 0, 1, 0, 1]"
66,"[1, 0, 1, 1, 0, 0, 1, 0]","[1, 0, 1, 1, 0, 0, 1, 0]","[0, 0, 0, 0, 0, 1, 0, 1, 1, 1, 1, 1, 1, 0, 1, 0]"
67,"[1, 0, 1, 1, 0, 0, 0, 1]","[1, 0, 1, 1, 0, 0, 0, 1]","[0, 1, 0, 1, 0, 0, 0, 0, 1, 0, 1, 0, 1, 1, 1, 1]"
68,"[1, 0, 1, 0, 1, 1, 1, 1]","[1, 0, 1, 0, 1, 1, 1, 1]","[0, 1, 0, 0, 1, 1, 1, 0, 1, 0, 1, 1, 0, 0, 0, 1]"
69,"[1, 0, 1, 0, 1, 1, 1, 0]","[1, 0, 1, 0, 1, 1, 1, 0]","[1, 0, 1, 1, 0, 0, 0, 1, 0, 1, 0, 0, 1, 1, 1, 0]"
70,"[1, 0, 1, 0, 1, 0, 1, 1]","[1, 0, 1, 0, 1, 0, 1, 1]","[1, 0, 0, 0, 0, 0, 1, 0, 0, 1, 1, 1, 1, 1, 0, 1]"
71,"[1, 0, 1, 0, 1, 0, 1, 0]","[1, 0, 1, 0, 1, 0, 1, 0]","[0, 1, 1, 1, 1, 1, 0, 1, 1, 0, 0, 0, 0, 0, 1, 0]"
72,"[1, 0, 1, 0, 1, 0, 0, 1]","[1, 0, 1, 0, 1, 0, 0, 1]","[0, 0, 1, 0, 1, 0, 0, 0, 1, 1, 0, 1, 0, 1, 1, 1]"
73,"[1, 0, 1, 0, 1, 0, 0, 0]","[1, 0, 1, 0, 1, 0, 0, 0]","[1, 1, 0, 1, 0, 1, 1, 1, 0, 0, 1, 0, 1, 0, 0, 0]"
74,"[1, 0, 1, 0, 0, 1, 1, 1]","[1, 0, 1, 0, 0, 1, 1, 1]","[1, 1, 0, 0, 0, 1, 1, 0, 0, 0, 1, 1, 1, 0, 0, 1]"
75,"[1, 0, 1, 0, 0, 1, 1, 0]","[1, 0, 1, 0, 0, 1, 1, 0]","[0, 0, 1, 1, 1, 0, 0, 1, 1, 1, 0, 0, 0, 1, 1, 0]"
76,"[1, 0, 1, 0, 0, 1, 0, 1]","[1, 0, 1, 0, 0, 1, 0, 1]","[0, 1, 1, 0, 1, 1, 0, 0, 1, 0, 0, 1, 0, 0, 1, 1]"
77,"[1, 0, 1, 0, 0, 1, 0, 0]","[1, 0, 1, 0, 0, 1, 0, 0]","[1, 0, 0, 1, 0, 0, 1, 1, 0, 1, 1, 0, 1, 1, 0, 0]"
78,"[1, 0, 1, 0, 0, 0, 1, 1]","[1, 0, 1, 0, 0, 0, 1, 1]","[0, 0, 0, 0, 1, 0, 1, 0, 1, 1, 1, 1, 0, 1, 0, 1]"
79,"[1, 0, 1, 0, 0, 0, 0, 1]","[1, 0, 1, 0, 0, 0, 0, 1]","[1, 0, 1, 0, 0, 0, 0, 0, 0, 1, 0, 1, 1, 1, 1, 1]"
80,"[1, 0, 0, 1, 1, 1, 1, 0]","[1, 0, 0, 1, 1, 1, 1, 0]","[1, 1, 1, 0, 0, 0, 0, 1, 0, 0, 0, 1, 1, 1, 1, 0]"
81,"[1, 0, 0, 1, 1, 1, 0, 0]","[1, 0, 0, 1, 1, 1, 0, 0]","[0, 1, 0, 0, 1, 0, 1, 1, 1, 0, 1, 1, 0, 1, 0, 0]"
82,"[1, 0, 0, 1, 1, 0, 1, 0]","[1, 0, 0, 1, 1, 0, 1, 0]","[0, 0, 1, 0, 1, 1, 0, 1, 1, 1, 0, 1, 0, 0, 1, 0]"
83,"[1, 0, 0, 1, 1, 0, 0, 1]","[1, 0, 0, 1, 1, 0, 0, 1]","[0, 1, 1, 1, 1, 0, 0, 0, 1, 0, 0, 0, 0, 1, 1, 1]"
84,"[1, 0, 0, 1, 1, 0, 0, 0]","[1, 0, 0, 1, 1, 0, 0, 0]","[1, 0, 0, 0, 0, 1, 1, 1, 0, 1, 1, 1, 1, 0, 0, 0]"
85,"[1, 0, 0, 1, 0, 1, 0, 1]","[1, 0, 0, 1, 0, 1, 0, 1]","[0, 0, 1, 1, 1, 1, 0, 0, 1, 1, 0, 0, 0, 0, 1, 1]"
86,"[1, 0, 0, 1, 0, 0, 1, 1]","[1, 0, 1, 1, 0, 0, 1, 1]","[0, 1, 0, 1, 1, 0, 1, 0, 1, 0, 1, 0, 0, 1, 0, 1]"
87,"[1, 0, 0, 1, 0, 0, 1, 0]","[1, 0, 0, 1, 0, 0, 1, 0]","[1, 0, 1, 0, 0, 1, 0, 1, 0, 1, 0, 1, 1, 0, 1, 0]"
88,"[1, 0, 0, 1, 0, 0, 0, 1]","[1, 0, 0, 1, 0, 0, 0, 1]","[1, 1, 1, 1, 0, 0, 0, 0, 0, 0, 0, 0, 1, 1, 1, 1]"
89,"[1, 0, 0, 0, 1, 1, 0, 1]","[1, 0, 0, 0, 1, 1, 0, 1]","[0, 1, 0, 0, 0, 1, 0, 0, 1, 0, 1, 1, 1, 0, 1, 1]"
90,"[1, 0, 0, 0, 1, 1, 0, 0]","[1, 0, 0, 0, 1, 1, 0, 0]","[1, 0, 1, 1, 1, 0, 1, 1, 0, 1, 0, 0, 0, 1, 0, 0]"
91,"[1, 0, 0, 0, 1, 0, 1, 1]","[1, 0, 0, 0, 1, 0, 1, 1]","[0, 0, 1, 0, 0, 0, 1, 0, 1, 1, 0, 1, 1, 1, 0, 1]"
92,"[1, 0, 0, 0, 1, 0, 1, 0]","[1, 0, 0, 0, 1, 0, 1, 0]","[1, 1, 0, 1, 1, 1, 0, 1, 0, 0, 1, 0, 0, 0, 1, 0]"
93,"[1, 0, 0, 0, 1, 0, 0, 1]","[1, 0, 0, 0, 1, 0, 0, 1]","[1, 0, 0, 0, 1, 0, 0, 0, 0, 1, 1, 1, 0, 1, 1, 1]"
94,"[1, 0, 0, 0, 1, 0, 0, 0]","[1, 0, 0, 0, 1, 0, 0, 0]","[0, 1, 1, 1, 0, 1, 1, 1, 1, 0, 0, 0, 1, 0, 0, 0]"
95,"[1, 0, 0, 0, 0, 1, 1, 0]","[1, 0, 0, 0, 0, 1, 1, 0]","[1, 0, 0, 1, 1, 0, 0, 1, 0, 1, 1, 0, 0, 1, 1, 0]"
96,"[1, 0, 0, 0, 0, 1, 0, 1]","[1, 0, 0, 0, 0, 1, 0, 1]","[1, 1, 0, 0, 1, 1, 0, 0, 0, 0, 1, 1, 0, 0, 1, 1]"
97,"[1, 0, 0, 0, 0, 1, 0, 0]","[1, 0, 0, 0, 0, 1, 0, 0]","[0, 0, 1, 1, 0, 0, 1, 1, 1, 1, 0, 0, 1, 1, 0, 0]"
98,"[1, 0, 0, 0, 0, 0, 1, 1]","[1, 0, 0, 0, 0, 0, 1, 1]","[1, 0, 1, 0, 1, 0, 1, 0, 0, 1, 0, 1, 0, 1, 0, 1]"
99,"[1, 0, 0, 0, 0, 0, 1, 0]","[1, 0, 0, 0, 0, 0, 1, 0]","[0, 1, 0, 1, 0, 1, 0, 1, 1, 0, 1, 0, 1, 0, 1, 0]"
100,"[1, 0, 0, 0, 0, 0, 0, 1]","[1, 0, 0, 0, 0, 0, 0, 1]","[0, 0, 0, 0, 0, 0, 0, 0, 1, 1, 1, 1, 1, 1, 1, 1]"
101,"[1, 0, 0, 0, 0, 0, 0, 0]","[1, 0, 0, 0, 0, 0, 0, 0]","[1, 1, 1, 1, 1, 1, 1, 1, 0, 0, 0, 0, 0, 0, 0, 0]"
102,"[0, 1, 1, 1, 1, 1, 1, 1]","[0, 1, 1, 1, 1, 1, 1, 1]","[1, 0, 0, 0, 0, 0, 0, 1, 1, 0, 0, 0, 0, 0, 0, 1]"
103,"[0, 1, 1, 1, 1, 1, 0, 1]","[0, 1, 1, 1, 1, 1, 0, 1]","[0, 0, 1, 0, 1, 0, 1, 1, 0, 0, 1, 0, 1, 0, 1, 1]"
104,"[0, 1, 1, 1, 1, 1, 0, 0]","[0, 1, 1, 1, 1, 1, 0, 0]","[1, 1, 0, 1, 0, 1, 0, 0, 1, 1, 0, 1, 0, 1, 0, 0]"
105,"[0, 1, 1, 1, 1, 0, 1, 1]","[0, 1, 1, 1, 1, 0, 1, 1]","[0, 1, 0, 0, 1, 1, 0, 1, 0, 1, 0, 0, 1, 1, 0, 1]"
106,"[0, 1, 1, 1, 1, 0, 1, 0]","[0, 1, 1, 1, 1, 0, 1, 0]","[1, 0, 1, 1, 0, 0, 1, 0, 1, 0, 1, 1, 0, 0, 1, 0]"
107,"[0, 1, 1, 1, 1, 0, 0, 1]","[0, 1, 1, 1, 1, 0, 0, 1]","[1, 1, 1, 0, 0, 1, 1, 1, 1, 1, 1, 0, 0, 1, 1, 1]"
108,"[0, 1, 1, 1, 0, 1, 0, 1]","[0, 1, 1, 1, 0, 1, 0, 1]","[1, 0, 1, 0, 0, 0, 1, 1, 1, 0, 1, 0, 0, 0, 1, 1]"
109,"[0, 1, 1, 1, 0, 0, 1, 1]","[0, 1, 1, 1, 0, 0, 1, 1]","[1, 1, 0, 0, 0, 1, 0, 1, 1, 1, 0, 0, 0, 1, 0, 1]"
110,"[0, 1, 1, 1, 0, 0, 1, 0]","[0, 1, 1, 1, 0, 0, 1, 0]","[0, 0, 1, 1, 1, 0, 1, 0, 0, 0, 1, 1, 1, 0, 1, 0]"
111,"[0, 1, 1, 1, 0, 0, 0, 1]","[0, 1, 1, 1, 0, 0, 0, 1]","[0, 1, 1, 0, 1, 1, 1, 1, 0, 1, 1, 0, 1, 1, 1, 1]"
112,"[0, 1, 1, 1, 0, 0, 0, 0]","[0, 1, 1, 1, 0, 0, 0, 0]","[1, 0, 0, 1, 0, 0, 0, 0, 1, 0, 0, 1, 0, 0, 0, 0]"
113,"[0, 1, 1, 0, 1, 1, 1, 1]","[0, 1, 1, 0, 1, 1, 1, 1]","[0, 1, 1, 1, 0, 0, 0, 1, 0, 1, 1, 1, 0, 0, 0, 1]"
114,"[0, 1, 1, 0, 1, 1, 1, 0]","[0, 1, 1, 0, 1, 1, 1, 0]","[1, 0, 0, 0, 1, 1, 1, 0, 1, 0, 0, 0, 1, 1, 1, 0]"
115,"[0, 1, 1, 0, 1, 1, 0, 0]","[0, 1, 1, 0, 1, 1, 0, 0]","[0, 0, 1, 0, 0, 1, 0, 0, 0, 0, 1, 0, 0, 1, 0, 0]"
116,"[0, 1, 1, 0, 1, 0, 1, 1]","[0, 1, 1, 0, 1, 0, 1, 1]","[1, 0, 1, 1, 1, 1, 0, 1, 1, 0, 1, 1, 1, 1, 0, 1]"
117,"[0, 1, 1, 0, 1, 0, 1, 0]","[0, 1, 1, 0, 1, 0, 1, 0]","[0, 1, 0, 0, 0, 0, 1, 0, 0, 1, 0, 0, 0, 0, 1, 0]"
118,"[0, 1, 1, 0, 1, 0, 0, 1]","[0, 1, 1, 0, 1, 0, 0, 1]","[0, 0, 0, 1, 0, 1, 1, 1, 0, 0, 0, 1, 0, 1, 1, 1]"
119,"[0, 1, 1, 0, 1, 0, 0, 0]","[0, 1, 1, 0, 1, 0, 0, 0]","[1, 1, 1, 0, 1, 0, 0, 0, 1, 1, 1, 0, 1, 0, 0, 0]"
120,"[0, 1, 1, 0, 0, 1, 1, 1]","[0, 1, 1, 0, 0, 1, 1, 1]","[1, 1, 1, 1, 1, 0, 0, 1, 1, 1, 1, 1, 1, 0, 0, 1]"
121,"[0, 1, 1, 0, 0, 1, 1, 0]","[0, 1, 1, 0, 0, 1, 1, 0]","[0, 0, 0, 0, 0, 1, 1, 0, 0, 0, 0, 0, 0, 1, 1, 0]"
122,"[0, 1, 1, 0, 0, 1, 0, 1]","[0, 1, 1, 0, 0, 1, 0, 1]","[0, 1, 0, 1, 0, 0, 1, 1, 0, 1, 0, 1, 0, 0, 1, 1]"
123,"[0, 1, 1, 0, 0, 1, 0, 0]","[0, 1, 1, 0, 0, 1, 0, 0]","[1, 0, 1, 0, 1, 1, 0, 0, 1, 0, 1, 0, 1, 1, 0, 0]"
124,"[0, 1, 1, 0, 0, 0, 1, 0]","[0, 1, 1, 0, 0, 0, 1, 0]","[1, 1, 0, 0, 1, 0, 1, 0, 1, 1, 0, 0, 1, 0, 1, 0]"
125,"[0, 1, 1, 0, 0, 0, 0, 1]","[0, 1, 1, 0, 0, 0, 0, 1]","[1, 0, 0, 1, 1, 1, 1, 1, 1, 0, 0, 1, 1, 1, 1, 1]"
126,"[0, 1, 0, 1, 1, 1, 1, 1]","[0, 1, 0, 1, 1, 1, 1, 1]","[0, 0, 1, 0, 0, 0, 0, 1, 0, 0, 1, 0, 0, 0, 0, 1]"
127,"[0, 1, 0, 1, 1, 1, 1, 0]","[0, 1, 0, 1, 1, 1, 1, 0]","[1, 1, 0, 1, 1, 1, 1, 0, 1, 1, 0, 1, 1, 1, 1, 0]"
128,"[0, 1, 0, 1, 1, 1, 0, 1]","[0, 1, 0, 1, 1, 1, 0, 1]","[1, 0, 0, 0, 1, 0, 1, 1, 1, 0, 0, 0, 1, 0, 1, 1]"
129,"[0, 1, 0, 1, 1, 1, 0, 0]","[0, 1, 0, 1, 1, 1, 0, 0]","[0, 1, 1, 1, 0, 1, 0, 0, 0, 1, 1, 1, 0, 1, 0, 0]"
130,"[0, 1, 0, 1, 1, 0, 1, 1]","[0, 1, 0, 1, 1, 0, 1, 1]","[1, 1, 1, 0, 1, 1, 0, 1, 1, 1, 1, 0, 1, 1, 0, 1]"
131,"[0, 1, 0, 1, 1, 0, 1, 0]","[0, 1, 0, 1, 1, 0, 1, 0]","[0, 0, 0, 1, 0, 0, 1, 0, 0, 0, 0, 1, 0, 0, 1, 0]"
132,"[0, 1, 0, 1, 1, 0, 0, 1]","[0, 1, 0, 1, 1, 0, 0, 1]","[0, 1, 0, 0, 0, 1, 1, 1, 0, 1, 0, 0, 0, 1, 1, 1]"
133,"[0, 1, 0, 1, 0, 1, 1, 1]","[0, 1, 0, 1, 0, 1, 1, 1]","[1, 0, 1, 0, 1, 0, 0, 1, 1, 0, 1, 0, 1, 0, 0, 1]"
134,"[0, 1, 0, 1, 0, 1, 1, 0]","[0, 1, 0, 1, 0, 1, 1, 0]","[0, 1, 0, 1, 0, 1, 1, 0, 0, 1, 0, 1, 0, 1, 1, 0]"
135,"[0, 1, 0, 1, 0, 1, 0, 1]","[0, 1, 0, 1, 0, 1, 0, 1]","[0, 0, 0, 0, 0, 0, 1, 1, 0, 0, 0, 0, 0, 0, 1, 1]"
136,"[0, 1, 0, 1, 0, 1, 0, 0]","[0, 1, 0, 1, 0, 1, 0, 0]","[1, 1, 1, 1, 1, 1, 0, 0, 1, 1, 1, 1, 1, 1, 0, 0]"
137,"[0, 1, 0, 1, 0, 0, 1, 1]","[0, 1, 0, 1, 0, 0, 1, 1]","[0, 1, 1, 0, 0, 1, 0, 1, 0, 1, 1, 0, 0, 1, 0, 1]"
138,"[0, 1, 0, 1, 0, 0, 1, 0]","[0, 1, 1, 1, 0, 0, 1, 0]","[1, 0, 0, 1, 1, 0, 1, 0, 1, 0, 0, 1, 1, 0, 1, 0]"
139,"[0, 1, 0, 1, 0, 0, 0, 1]","[0, 1, 0, 1, 0, 0, 0, 1]","[1, 1, 0, 0, 1, 1, 1, 1, 1, 1, 0, 0, 1, 1, 1, 1]"
140,"[0, 1, 0, 1, 0, 0, 0, 0]","[0, 1, 0, 1, 0, 0, 0, 0]","[0, 0, 1, 1, 0, 0, 0, 0, 0, 0, 1, 1, 0, 0, 0, 0]"
141,"[0, 1, 0, 0, 1, 1, 1, 1]","[0, 1, 0, 0, 1, 1, 1, 1]","[1, 1, 0, 1, 0, 0, 0, 1, 1, 1, 0, 1, 0, 0, 0, 1]"
142,"[0, 1, 0, 0, 1, 1, 1, 0]","[0, 1, 0, 0, 1, 1, 1, 0]","[0, 0, 1, 0, 1, 1, 1, 0, 0, 0, 1, 0, 1, 1, 1, 0]"
143,"[0, 1, 0, 0, 1, 1, 0, 1]","[0, 1, 0, 0, 1, 1, 0, 1]","[0, 1, 1, 1, 1, 0, 1, 1, 0, 1, 1, 1, 1, 0, 1, 1]"
144,"[0, 1, 0, 0, 1, 1, 0, 0]","[0, 1, 0, 0, 1, 1, 0, 0]","[1, 0, 0, 0, 0, 1, 0, 0, 1, 0, 0, 0, 0, 1, 0, 0]"
145,"[0, 1, 0, 0, 1, 0, 1, 1]","[0, 1, 0, 0, 1, 0, 1, 1]","[0, 0, 0, 1, 1, 1, 0, 1, 0, 0, 0, 1, 1, 1, 0, 1]"
146,"[0, 1, 0, 0, 1, 0, 1, 0]","[0, 1, 0, 0, 1, 0, 1, 0]","[1, 1, 1, 0, 0, 0, 1, 0, 1, 1, 1, 0, 0, 0, 1, 0]"
147,"[0, 1, 0, 0, 1, 0, 0, 1]","[0, 1, 0, 0, 1, 0, 0, 1]","[1, 0, 1, 1, 0, 1, 1, 1, 1, 0, 1, 1, 0, 1, 1, 1]"
148,"[0, 1, 0, 0, 1, 0, 0, 0]","[0, 1, 0, 0, 1, 0, 0, 0]","[0, 1, 0, 0, 1, 0, 0, 0, 0, 1, 0, 0, 1, 0, 0, 0]"
149,"[0, 1, 0, 0, 0, 1, 1, 1]","[0, 1, 0, 0, 0, 1, 1, 1]","[0, 1, 0, 1, 1, 0, 0, 1, 0, 1, 0, 1, 1, 0, 0, 1]"
150,"[0, 1, 0, 0, 0, 1, 1, 0]","[0, 1, 0, 0, 0, 1, 1, 0]","[1, 0, 1, 0, 0, 1, 1, 0, 1, 0, 1, 0, 0, 1, 1, 0]"
151,"[0, 1, 0, 0, 0, 1, 0, 1]","[0, 1, 0, 0, 0, 1, 0, 1]","[1, 1, 1, 1, 0, 0, 1, 1, 1, 1, 1, 1, 0, 0, 1, 1]"
152,"[0, 1, 0, 0, 0, 0, 1, 1]","[0, 1, 0, 0, 0, 0, 1, 1]","[1, 0, 0, 1, 0, 1, 0, 1, 1, 0, 0, 1, 0, 1, 0, 1]"
153,"[0, 1, 0, 0, 0, 0, 1, 0]","[0, 1, 0, 0, 0, 0, 1, 0]","[0, 1, 1, 0, 1, 0, 1, 0, 0, 1, 1, 0, 1, 0, 1, 0]"
154,"[0, 0, 1, 1, 1, 1, 1, 1]","[0, 1, 1, 1, 1, 1, 1, 1]","[0, 1, 0, 0, 0, 0, 0, 1, 0, 1, 0, 0, 0, 0, 0, 1]"
155,"[0, 0, 1, 1, 1, 1, 0, 1]","[0, 0, 1, 1, 1, 1, 0, 1]","[1, 1, 1, 0, 1, 0, 1, 1, 1, 1, 1, 0, 1, 0, 1, 1]"
156,"[0, 0, 1, 1, 1, 1, 0, 0]","[0, 0, 1, 1, 1, 1, 0, 0]","[0, 0, 0, 1, 0, 1, 0, 0, 0, 0, 0, 1, 0, 1, 0, 0]"
157,"[0, 0, 1, 1, 1, 0, 1, 1]","[0, 0, 1, 1, 1, 0, 1, 1]","[1, 0, 0, 0, 1, 1, 0, 1, 1, 0, 0, 0, 1, 1, 0, 1]"
158,"[0, 0, 1, 1, 1, 0, 0, 0]","[0, 0, 1, 1, 1, 0, 0, 0]","[1, 1, 0, 1, 1, 0, 0, 0, 1, 1, 0, 1, 1, 0, 0, 0]"
159,"[0, 0, 1, 1, 0, 1, 1, 0]","[0, 0, 1, 1, 0, 1, 1, 0]","[0, 0, 1, 1, 0, 1, 1, 0, 0, 0, 1, 1, 0, 1, 1, 0]"
160,"[0, 0, 1, 1, 0, 1, 0, 0]","[0, 0, 1, 1, 0, 1, 0, 0]","[1, 0, 0, 1, 1, 1, 0, 0, 1, 0, 0, 1, 1, 1, 0, 0]"
161,"[0, 0, 1, 1, 0, 0, 1, 1]","[0, 0, 1, 1, 0, 0, 1, 1]","[0, 0, 0, 0, 0, 1, 0, 1, 0, 0, 0, 0, 0, 1, 0, 1]"
162,"[0, 0, 1, 1, 0, 0, 1, 0]","[0, 0, 1, 1, 0, 0, 1, 0]","[1, 1, 1, 1, 1, 0, 1, 0, 1, 1, 1, 1, 1, 0, 1, 0]"
163,"[0, 0, 1, 1, 0, 0, 0, 0]","[0, 0, 1, 1, 0, 0, 0, 0]","[0, 1, 0, 1, 0, 0, 0, 0, 0, 1, 0, 1, 0, 0, 0, 0]"
164,"[0, 0, 1, 0, 1, 1, 1, 1]","[0, 0, 1, 0, 1, 1, 1, 1]","[1, 0, 1, 1, 0, 0, 0, 1, 1, 0, 1, 1, 0, 0, 0, 1]"
165,"[0, 0, 1, 0, 1, 1, 1, 0]","[0, 0, 1, 0, 1, 1, 1, 0]","[0, 1, 0, 0, 1, 1, 1, 0, 0, 1, 0, 0, 1, 1, 1, 0]"
166,"[0, 0, 1, 0, 1, 1, 0, 0]","[0, 0, 1, 0, 1, 1, 0, 0]","[1, 1, 1, 0, 0, 1, 0, 0, 1, 1, 1, 0, 0, 1, 0, 0]"
167,"[0, 0, 1, 0, 1, 0, 1, 1]","[0, 0, 1, 0, 1, 0, 1, 1]","[0, 1, 1, 1, 1, 1, 0, 1, 0, 1, 1, 1, 1, 1, 0, 1]"
168,"[0, 0, 1, 0, 1, 0, 1, 0]","[0, 0, 1, 0, 1, 0, 1, 0]","[1, 0, 0, 0, 0, 0, 1, 0, 1, 0, 0, 0, 0, 0, 1, 0]"
169,"[0, 0, 1, 0, 1, 0, 0, 1]","[0, 0, 1, 0, 1, 0, 0, 1]","[1, 1, 0, 1, 0, 1, 1, 1, 1, 1, 0, 1, 0, 1, 1, 1]"
170,"[0, 0, 1, 0, 1, 0, 0, 0]","[0, 0, 1, 0, 1, 0, 0, 0]","[0, 0, 1, 0, 1, 0, 0, 0, 0, 0, 1, 0, 1, 0, 0, 0]"
171,"[0, 0, 1, 0, 0, 1, 1, 1]","[0, 0, 1, 0, 0, 1, 1, 1]","[0, 0, 1, 1, 1, 0, 0, 1, 0, 0, 1, 1, 1, 0, 0, 1]"
172,"[0, 0, 1, 0, 0, 1, 0, 1]","[0, 0, 1, 0, 0, 1, 0, 1]","[1, 0, 0, 1, 0, 0, 1, 1, 1, 0, 0, 1, 0, 0, 1, 1]"
173,"[0, 0, 1, 0, 0, 1, 0, 0]","[0, 0, 1, 0, 0, 1, 0, 0]","[0, 1, 1, 0, 1, 1, 0, 0, 0, 1, 1, 0, 1, 1, 0, 0]"
174,"[0, 0, 1, 0, 0, 0, 1, 1]","[0, 0, 1, 0, 0, 0, 1, 1]","[1, 1, 1, 1, 0, 1, 0, 1, 1, 1, 1, 1, 0, 1, 0, 1]"
175,"[0, 0, 1, 0, 0, 0, 1, 0]","[0, 0, 1, 0, 0, 0, 1, 0]","[0, 0, 0, 0, 1, 0, 1, 0, 0, 0, 0, 0, 1, 0, 1, 0]"
176,"[0, 0, 1, 0, 0, 0, 0, 1]","[0, 0, 1, 0, 0, 0, 0, 1]","[0, 1, 0, 1, 1, 1, 1, 1, 0, 1, 0, 1, 1, 1, 1, 1]"
177,"[0, 0, 1, 0, 0, 0, 0, 0]","[0, 0, 1, 0, 0, 0, 0, 0]","[1, 0, 1, 0, 0, 0, 0, 0, 1, 0, 1, 0, 0, 0, 0, 0]"
178,"[0, 0, 0, 1, 1, 1, 1, 1]","[0, 0, 0, 1, 1, 1, 1, 1]","[1, 1, 1, 0, 0, 0, 0, 1, 1, 1, 1, 0, 0, 0, 0, 1]"
179,"[0, 0, 0, 1, 1, 1, 1, 0]","[0, 0, 0, 1, 1, 1, 1, 0]","[0, 0, 0, 1, 1, 1, 1, 0, 0, 0, 0, 1, 1, 1, 1, 0]"
180,"[0, 0, 0, 1, 1, 1, 0, 1]","[0, 0, 0, 1, 1, 1, 0, 1]","[0, 1, 0, 0, 1, 0, 1, 1, 0, 1, 0, 0, 1, 0, 1, 1]"
181,"[0, 0, 0, 1, 1, 1, 0, 0]","[0, 0, 0, 1, 1, 1, 0, 0]","[1, 0, 1, 1, 0, 1, 0, 0, 1, 0, 1, 1, 0, 1, 0, 0]"
182,"[0, 0, 0, 1, 1, 0, 1, 1]","[0, 0, 0, 1, 1, 0, 1, 1]","[0, 0, 1, 0, 1, 1, 0, 1, 0, 0, 1, 0, 1, 1, 0, 1]"
183,"[0, 0, 0, 1, 1, 0, 1, 0]","[0, 0, 0, 1, 1, 0, 1, 0]","[1, 1, 0, 1, 0, 0, 1, 0, 1, 1, 0, 1, 0, 0, 1, 0]"
184,"[0, 0, 0, 1, 1, 0, 0, 1]","[0, 0, 0, 1, 1, 0, 0, 1]","[1, 0, 0, 0, 0, 1, 1, 1, 1, 0, 0, 0, 0, 1, 1, 1]"
185,"[0, 0, 0, 1, 1, 0, 0, 0]","[0, 0, 0, 1, 1, 0, 0, 0]","[0, 1, 1, 1, 1, 0, 0, 0, 0, 1, 1, 1, 1, 0, 0, 0]"
186,"[0, 0, 0, 1, 0, 1, 1, 1]","[0, 0, 0, 1, 0, 1, 1, 1]","[0, 1, 1, 0, 1, 0, 0, 1, 0, 1, 1, 0, 1, 0, 0, 1]"
187,"[0, 0, 0, 1, 0, 1, 1, 0]","[0, 0, 0, 1, 0, 1, 1, 0]","[1, 0, 0, 1, 0, 1, 1, 0, 1, 0, 0, 1, 0, 1, 1, 0]"
188,"[0, 0, 0, 1, 0, 1, 0, 1]","[0, 0, 0, 1, 0, 1, 0, 1]","[1, 1, 0, 0, 0, 0, 1, 1, 1, 1, 0, 0, 0, 0, 1, 1]"
189,"[0, 0, 0, 1, 0, 1, 0, 0]","[0, 0, 0, 1, 0, 1, 0, 0]","[0, 0, 1, 1, 1, 1, 0, 0, 0, 0, 1, 1, 1, 1, 0, 0]"
190,"[0, 0, 0, 1, 0, 0, 1, 1]","[0, 0, 0, 1, 0, 0, 1, 1]","[1, 0, 1, 0, 0, 1, 0, 1, 1, 0, 1, 0, 0, 1, 0, 1]"
191,"[0, 0, 0, 1, 0, 0, 1, 0]","[0, 0, 0, 1, 0, 0, 1, 0]","[0, 1, 0, 1, 1, 0, 1, 0, 0, 1, 0, 1, 1, 0, 1, 0]"
192,"[0, 0, 0, 1, 0, 0, 0, 1]","[0, 0, 0, 1, 1, 0, 0, 1]","[0, 0, 0, 0, 1, 1, 1, 1, 0, 0, 0, 0, 1, 1, 1, 1]"
193,"[0, 0, 0, 1, 0, 0, 0, 0]","[0, 0, 0, 1, 0, 0, 0, 0]","[1, 1, 1, 1, 0, 0, 0, 0, 1, 1, 1, 1, 0, 0, 0, 0]"
194,"[0, 0, 0, 0, 1, 1, 1, 1]","[0, 0, 0, 0, 1, 1, 1, 1]","[0, 0, 0, 1, 0, 0, 0, 1, 0, 0, 0, 1, 0, 0, 0, 1]"
195,"[0, 0, 0, 0, 1, 1, 0, 1]","[0, 0, 0, 0, 1, 1, 0, 1]","[1, 0, 1, 1, 1, 0, 1, 1, 1, 0, 1, 1, 1, 0, 1, 1]"
196,"[0, 0, 0, 0, 1, 0, 1, 1]","[0, 0, 0, 0, 1, 0, 1, 1]","[1, 1, 0, 1, 1, 1, 0, 1, 1, 1, 0, 1, 1, 1, 0, 1]"
197,"[0, 0, 0, 0, 1, 0, 1, 0]","[0, 0, 0, 0, 1, 0, 1, 0]","[0, 0, 1, 0, 0, 0, 1, 0, 0, 0, 1, 0, 0, 0, 1, 0]"
198,"[0, 0, 0, 0, 1, 0, 0, 1]","[0, 0, 0, 0, 1, 0, 0, 1]","[0, 1, 1, 1, 0, 1, 1, 1, 0, 1, 1, 1, 0, 1, 1, 1]"
199,"[0, 0, 0, 0, 1, 0, 0, 0]","[0, 0, 0, 0, 1, 0, 0, 0]","[1, 0, 0, 0, 1, 0, 0, 0, 1, 0, 0, 0, 1, 0, 0, 0]"
200,"[0, 0, 0, 0, 0, 1, 1, 1]","[0, 0, 0, 0, 0, 1, 1, 1]","[1, 0, 0, 1, 1, 0, 0, 1, 1, 0, 0, 1, 1, 0, 0, 1]"
201,"[0, 0, 0, 0, 0, 1, 0, 1]","[0, 0, 0, 0, 0, 1, 0, 1]","[0, 0, 1, 1, 0, 0, 1, 1, 0, 0, 1, 1, 0, 0, 1, 1]"
202,"[0, 0, 0, 0, 0, 1, 0, 0]","[0, 0, 0, 0, 0, 1, 0, 0]","[1, 1, 0, 0, 1, 1, 0, 0, 1, 1, 0, 0, 1, 1, 0, 0]"
203,"[0, 0, 0, 0, 0, 0, 1, 0]","[0, 0, 0, 0, 0, 0, 1, 0]","[1, 0, 1, 0, 1, 0, 1, 0, 1, 0, 1, 0, 1, 0, 1, 0]"
204,"[0, 0, 0, 0, 0, 0, 0, 1]","[0, 0, 0, 0, 0, 0, 0, 1]","[1, 1, 1, 1, 1, 1, 1, 1, 1, 1, 1, 1, 1, 1, 1, 1]"
